country,year,white_chocolate_euro,white_chocolate_t,chocolate_euro,chocolate_t,region
Austria,2020,62023.0,3.957,81076815,18160.654,Europa Centrală
Austria,2021,67458.0,5.378,92647179,22376.989,Europa Centrală
Austria,2022,117913.0,7.245,103957153,22442.093,Europa Centrală
Austria,2023,369418.0,47.484,124668389,21620.07,Europa Centrală
Austria,2024,490088.0,68.115,120997076,17308.926,Europa Centrală
Belgium,2020,90964036.0,24847.983,865855813,193089.318,Europa de Vest
Belgium,2021,109559849.0,29299.087,989645098,214042.843,Europa de Vest
Belgium,2022,74664883.0,16602.661,1092376290,209292.639,Europa de Vest
Belgium,2023,141140281.0,28178.648,1335965970,213187.046,Europa de Vest
Belgium,2024,192003625.0,28212.492,1745342283,225371.827,Europa de Vest
Bulgaria,2020,1040645.0,198.106,65232626,14421.766,Europa de Est
Bulgaria,2021,1973707.0,363.918,75029928,15966.396,Europa de Est
Bulgaria,2022,2698074.0,401.061,107954863,19643.144,Europa de Est
Bulgaria,2023,2436429.0,338.218,118157400,18161.325,Europa de Est
Bulgaria,2024,3132946.0,442.743,107705562,15502.424,Europa de Est
Croatia,2020,1323384.0,297.655,79351442,18106.19,Europa Centrală
Croatia,2021,1519369.0,344.858,82075527,18688.716,Europa Centrală
Croatia,2022,1604022.0,345.562,86381427,17820.42,Europa Centrală
Croatia,2023,2457542.0,458.554,127448348,22287.293,Europa Centrală
Croatia,2024,2369853.0,346.631,137623771,22017.625,Europa Centrală
Cyprus,2020,842386.0,147.659,971725,136.947,Europa de Sud
Cyprus,2021,842386.0,147.659,1157908,139.094,Europa de Sud
Cyprus,2022,842386.0,147.659,1528731,168.294,Europa de Sud
Cyprus,2023,842386.0,147.659,1347448,166.823,Europa de Sud
Cyprus,2024,842386.0,147.659,1724155,180.357,Europa de Sud
Czechia,2020,252664.0,49.671,26346871,5022.76,Europa Centrală
Czechia,2021,768108.0,147.659,34366609,7123.402,Europa Centrală
Czechia,2022,83691.0,14.324,35452780,6911.252,Europa Centrală
Czechia,2023,74296.0,8.699,34773302,5963.011,Europa Centrală
Czechia,2024,113140.0,11.016,46029028,6133.38,Europa Centrală
Denmark,2020,757090.0,28.1,42147490,4293.529,Europa de Nord
Denmark,2021,211814.0,29.274,50386299,5123.099,Europa de Nord
Denmark,2022,409234.0,40.914,55320477,5546.111,Europa de Nord
Denmark,2023,463764.0,54.731,59827727,5473.963,Europa de Nord
Denmark,2024,648651.0,64.004,66180597,5678.983,Europa de Nord
Estonia,2020,69943.0,10.759,1966887,429.076,Europa de Nord
Estonia,2021,115108.0,13.65,1939807,401.852,Europa de Nord
Estonia,2022,90503.0,8.249,2320145,510.704,Europa de Nord
Estonia,2023,39080.0,5.042,2947926,621.393,Europa de Nord
Estonia,2024,1535.0,0.106,5821544,896.986,Europa de Nord
Finland,2020,130976.0,31.106,13372870,2600.758,Europa de Nord
Finland,2021,190479.0,44.497,16382404,3100.956,Europa de Nord
Finland,2022,171411.0,36.928,13379287,2111.272,Europa de Nord
Finland,2023,124975.0,28.393,12808861,1697.418,Europa de Nord
Finland,2024,226600.0,42.382,13343063,1715.786,Europa de Nord
France,2020,13567488.0,1906.611,444880320,99510.497,Europa de Vest
France,2021,22192673.0,3090.859,483259279,98941.031,Europa de Vest
France,2022,27471136.0,3244.848,528105598,97701.393,Europa de Vest
France,2023,28964237.0,3139.494,579434443,96347.589,Europa de Vest
France,2024,33409150.0,2939.181,619524063,90266.663,Europa de Vest
Germany,2020,31849384.0,6217.469,1357092433,251527.318,Europa Centrală
Germany,2021,34902417.0,7130.062,1436969333,267292.11,Europa Centrală
Germany,2022,53706087.0,10129.311,1687684722,274264.891,Europa Centrală
Germany,2023,60261090.0,10270.814,1926646492,287702.259,Europa Centrală
Germany,2024,58468546.0,8151.233,2061912653,283644.687,Europa Centrală
Greece,2020,2897624.0,2035.229,19166037,7276.973,Europa de Sud
Greece,2021,317187.0,69.816,20955640,6544.198,Europa de Sud
Greece,2022,481965.0,113.762,23940786,6257.372,Europa de Sud
Greece,2023,603528.0,131.365,24539720,5464.213,Europa de Sud
Greece,2024,838512.0,175.907,25974811,5201.073,Europa de Sud
Hungary,2020,3234434.0,384.579,64091193,14481.326,Europa Centrală
Hungary,2021,1802884.0,229.659,69674099,15240.648,Europa Centrală
Hungary,2022,3321937.0,572.507,72228129,13455.027,Europa Centrală
Hungary,2023,5230786.0,877.528,75473082,11450.247,Europa Centrală
Hungary,2024,5372633.0,698.582,70817627,10285.637,Europa Centrală
Ireland (Eire),2020,998473.0,161.795,299008824,66934.776,Europa de Vest
Ireland (Eire),2021,1513371.0,366.845,280069199,60804.82,Europa de Vest
Ireland (Eire),2022,1610038.0,245.494,299404489,60690.242,Europa de Vest
Ireland (Eire),2023,2297137.0,217.632,350270119,58586.123,Europa de Vest
Ireland (Eire),2024,3343625.0,234.07,377098976,62115.95,Europa de Vest
Italy,2020,17112041.0,3721.707,794101378,140631.774,Europa de Sud
Italy,2021,21369182.0,5045.931,916689395,157130.725,Europa de Sud
Italy,2022,20984514.0,4408.015,1011577403,160738.251,Europa de Sud
Italy,2023,25468918.0,4508.238,1031388843,147313.948,Europa de Sud
Italy,2024,47248722.0,6652.092,1138021012,148857.95,Europa de Sud
Latvia,2020,382837.0,82.925,14409475,2502.557,Europa de Nord
Latvia,2021,464744.0,101.728,14084876,2321.563,Europa de Nord
Latvia,2022,306738.0,57.508,18692298,2607.779,Europa de Nord
Latvia,2023,500775.0,68.51,15864182,2042.421,Europa de Nord
Latvia,2024,303478.0,41.647,13138667,1614.239,Europa de Nord
Lithuania,2020,2536306.0,765.321,52200022,12977.191,Europa de Nord
Lithuania,2021,4509409.0,1275.957,57602935,14490.245,Europa de Nord
Lithuania,2022,5523699.0,1267.606,67525445,13990.36,Europa de Nord
Lithuania,2023,7011251.0,1505.492,117280711,19016.827,Europa de Nord
Lithuania,2024,8628439.0,1355.515,102729849,15912.196,Europa de Nord
Luxembourg,2020,455.0,0.013,2721457,231.689,Europa de Vest
Luxembourg,2021,681.0,0.087,2421041,150.302,Europa de Vest
Luxembourg,2022,1468.0,0.107,2641436,138.724,Europa de Vest
Luxembourg,2023,686.0,0.064,2350937,124.285,Europa de Vest
Luxembourg,2024,269.0,0.021,5618913,402.795,Europa de Vest
Malta,2020,842386.0,147.659,570484,84.542,Europa de Sud
Malta,2021,180.0,0.012,379884,79.129,Europa de Sud
Malta,2022,842386.0,147.659,469895,78.549,Europa de Sud
Malta,2023,1566.0,0.081,324502,58.31,Europa de Sud
Malta,2024,842386.0,147.659,244744,57.919,Europa de Sud
Netherlands,2020,4664549.0,1176.911,596834319,142958.641,Europa de Vest
Netherlands,2021,5602744.0,1173.616,695369060,151847.101,Europa de Vest
Netherlands,2022,7095059.0,1012.747,885895710,174822.328,Europa de Vest
Netherlands,2023,6278417.0,737.719,956188544,166809.01,Europa de Vest
Netherlands,2024,7004651.0,748.603,1003928690,160388.472,Europa de Vest
Poland,2020,6780136.0,1255.915,678702463,161880.689,Europa Centrală
Poland,2021,6647854.0,1435.453,692469448,159064.763,Europa Centrală
Poland,2022,13146219.0,3002.031,731733729,147262.645,Europa Centrală
Poland,2023,20831832.0,4255.341,802092589,148640.822,Europa Centrală
Poland,2024,23933599.0,3893.549,950077182,148449.554,Europa Centrală
Portugal,2020,63008.0,11.663,16732090,2808.996,Europa de Sud
Portugal,2021,163523.0,24.411,17203801,2830.681,Europa de Sud
Portugal,2022,305124.0,32.737,19120586,2805.385,Europa de Sud
Portugal,2023,326663.0,39.966,20903380,2670.189,Europa de Sud
Portugal,2024,469467.0,50.1,25347438,3234.555,Europa de Sud
Romania,2020,430041.0,69.014,20132840,3359.496,Europa de Est
Romania,2021,842386.0,104.086,25929312,3865.753,Europa de Est
Romania,2022,638544.0,96.952,27698875,3731.141,Europa de Est
Romania,2023,682247.0,107.298,27665951,3461.493,Europa de Est
Romania,2024,962347.0,152.137,33316106,3983.422,Europa de Est
Slovakia,2020,16982.0,4.087,23729148,5210.946,Europa Centrală
Slovakia,2021,104194.0,12.494,32970007,7143.334,Europa Centrală
Slovakia,2022,71948.0,9.435,31062780,5654.23,Europa Centrală
Slovakia,2023,25788.0,3.067,29358837,4544.819,Europa Centrală
Slovakia,2024,28680.0,2.099,41588095,6565.954,Europa Centrală
Slovenia,2020,65854.0,14.941,4269124,1136.147,Europa Centrală
Slovenia,2021,52405.0,8.774,4446941,1082.206,Europa Centrală
Slovenia,2022,117287.0,21.759,6345002,1224.791,Europa Centrală
Slovenia,2023,122694.0,15.827,9740765,1503.744,Europa Centrală
Slovenia,2024,262019.0,25.302,10264958,1407.474,Europa Centrală
Spain,2020,2722435.0,534.678,139186419,34045.84,Europa de Sud
Spain,2021,3736362.0,686.657,172566273,30862.445,Europa de Sud
Spain,2022,4705885.0,798.079,187422636,32260.788,Europa de Sud
Spain,2023,5346017.0,823.517,204016763,31481.871,Europa de Sud
Spain,2024,6700741.0,899.656,214056989,30983.864,Europa de Sud
Sweden,2020,517554.0,106.456,116972129,22320.969,Europa de Nord
Sweden,2021,422250.0,93.088,136207304,23722.709,Europa de Nord
Sweden,2022,270069.0,29.947,152577963,24441.44,Europa de Nord
Sweden,2023,468769.0,50.36,154213329,24906.218,Europa de Nord
Sweden,2024,954437.0,99.305,175100414,26149.776,Europa de Nord
